armandenderle@gmail.com,Armand,Enderle,4732595186,02a745f1ac9b14db8d6e12ef0145132396dfe1456a683d89d7e5a2609ace6734
albertoscarlett@gmail.com,Alberto,Scarlett,3379268804,499d425274ce12b9038cbea38008a203c7c7da5cceb5776e02d01250c012994d
wyattruoff@gmail.com,Wyatt,Ruoff,5165605642,99e6791a1131f76d2acd1de9b785b8bd5177fdeb2ca14e6173a678fbe5c6953e
alfonsodenmark@gmail.com,Alfonso,Denmark,5153257213,25ddfc08640f7315476018d35d5cac5207e775c4c0d0a18491ef5686fd5ac091
pearlstraube@gmail.com,Pearl,Straube,6379791751,45adb7ac2cda63b870905b89a96192b23997212ade75f37eb76c7e15d8beedf1
vincentwohlwend@gmail.com,Vincent,Wohlwend,3472852855,6ac1b3e95559addc9ed09fcbcfaed17f04c13d270b8a740cdd61c91dbab92a20
breanneflick@gmail.com,Breanne,Flick,2434277801,6079366cd90d969b4bf9b4792aaa7b8ce5634d9bcbefe5b90848d57da77aa709
annetteonken@gmail.com,Annette,Onken,8269311358,2d734abae4af0f2be5ef2cd3a2f919f5f249a783a7656645f5fa5d96ed42869c
dorothysherk@gmail.com,Dorothy,Sherk,9435728719,36d693f89a7443f04511f8955ddabf2fa272420f66be5a0a32b8808ecf87f51e
inalecroy@gmail.com,Ina,Lecroy,9568915692,ef72bf374c890b969714a7e881ca3cf5d1dff44a238cce65286b039345ef1303
alanepiland@gmail.com,Alane,Piland,6857840090,fda0cf6860c0ccf54340b2141b093ee9491a95ce1ac4ee677615e06c391bc935
allinebodiford@gmail.com,Alline,Bodiford,8178589790,6b7b162cb70bf0f19db91eacd3068efa00d0d635830596930b9364a2ec2e2711
novaimburgia@gmail.com,Nova,Imburgia,2015205282,291ad062d0f23e9f7366fbb849f62f152f2cfe4e2cbc7cfe6f22246e1c26da33
tomekaamerson@gmail.com,Tomeka,Amerson,3912534028,51ad38d35593e84b598fd0ae5729674b9ce036ce2fddf05b2765155b0710c240
drusillakogan@gmail.com,Drusilla,Kogan,8873852800,62a0261de34717db398298d8ffdc63bb141f8ba04ede24b2b60ad4e0823cbb67
lloydwoodruff@gmail.com,Lloyd,Woodruff,9789085703,00dd60e1729d86596e9e16a1568e45bc24fe7debf7555de9760aec0ac8530e40
conniesmolen@gmail.com,Connie,Smolen,6498518356,75a1251a1a856e167b494d10e3630d2dad7e396bd0191b2f86b90866518487fd
maryettapalmateer@gmail.com,Maryetta,Palmateer,7535138599,cfa7880d30417dba914ee708e5b023b5d0d4c6dfe247cbb0c7011f8837fc520d
krystletrembath@gmail.com,Krystle,Trembath,9568349666,a1c2929463279d1d64c262407066e1a4d1f79d5456ba5f1587e3ad5ea09eadd4
julietamarts@gmail.com,Julieta,Marts,4924898849,5c71204f3958cd061f28974ab0665c5e31574de2794b1148f912a69b691fcfec
cleliahodgins@gmail.com,Clelia,Hodgins,8749768869,ea6cf52670d060c75d5b6a538dc6e9b3e91b34ffe53075c63d1d9f20f4dd2cbf
williewoodham@gmail.com,Willie,Woodham,7712994461,e355c98c1b7497353a8c4c72c749ee10568e7f5bb0bd99ca6107c1def8ca220a
aimeevanderploeg@gmail.com,Aimee,Vanderploeg,9688559992,324483aaeb5e7ce899f32d6720dd96d855fcb9da61663583c92a2f79d641856d
veronikaluoma@gmail.com,Veronika,Luoma,9284282564,c248d3b15ca88030323d10d041c71806bdc6a12d663fe9dcd94c07978b195f29
clydeknell@gmail.com,Clyde,Knell,3544148451,e5be89fc757d549de94a9ac24b53d8f7dae41c566b9b920b5a1e7bebeb73aad3
yvonnehonig@gmail.com,Yvonne,Honig,3953713281,20f0ae382e40127986375467389eadb71a940d273f6c213e0d5bae134aea646a
leeannesauer@gmail.com,Leeanne,Sauer,9357613437,3c6afa9bf96e8ac743c82d465af72e50e98e47c4fbfc0001c9aac5011b4f1640
sharitamedellin@gmail.com,Sharita,Medellin,6944760996,53769443b04aa4a0e5e4e0cab6a97ecc7d1e63922a19a4687b06f9d5b0bf107e
antionenuttall@gmail.com,Antione,Nuttall,6723948182,221d5ca529069f521d1b6d48b75ef2b51b86f5487c5efd768caa5145f89a3f1a
meloniehelmers@gmail.com,Melonie,Helmers,3769282735,d2ec806f1791c333898856eec65a1ea7a5cbf6d77a82a2308fc231e2931a4117
brittjarrett@gmail.com,Britt,Jarrett,4479169841,be33ae686a170e4980a7d1879b349ec8b33342605b6cb4d8039e9f6e92f88194
geribermudes@gmail.com,Geri,Bermudes,7512761619,bcdf1c8439bb6b444a875ee7903c4ff7c82ceb58067dd3ebb6f5ea8ffb3e7d5b
estelacovington@gmail.com,Estela,Covington,8215462572,3910f9ebd0d104acbfb5993c47e55386005da75b001d12a84d0b9350537b54ad
annelieserinaldi@gmail.com,Anneliese,Rinaldi,4019147948,205bb5d5d8eaebf24b9234de104138bd0e0181d281debff67aa9b2ee1b323697
frankiehusted@gmail.com,Frankie,Husted,9663926237,84b3f111e7afb1cead2c8c9b593dd2cd8307f36a23ac8b4298fed2bb06a9dd9b
neliakernan@gmail.com,Nelia,Kernan,4357325230,b0d32d139d27415b843892dc8ba5a24b7bd76bf84f1e709d8b788eca5623e701
thufuentes@gmail.com,Thu,Fuentes,5226913154,bb6c5341f9126411c7548f84f78c524c720e7bf66ee4f88ccc79d33821641fbb
candieolivarria@gmail.com,Candie,Olivarria,6486822194,1d478e4fae9dd6a5ce806c6287eac9541da9d0b98dd1b6aa5c494049a9049b6e
linneapundt@gmail.com,Linnea,Pundt,3948856150,c2c1aa546511f84a17b714ab61db5149880360349633c0ccdb0ec57946a54a40
leandrocaudillo@gmail.com,Leandro,Caudillo,5839564106,a3367390e915070e5f655200b9a7963b28b6d0f28a43f77b2ef668306b61f3ca
hienmontufar@gmail.com,Hien,Montufar,5752413435,4a9eed1193ad9816cbde357dd57bd94021e83f35ddff2fcf8eb200669b19a5f6
harleycano@gmail.com,Harley,Cano,5432711420,f272ce1ac4ffdc7dcfb193f2cf2df8c6f78364faba01297e318a2b04cae622e0
abbeybolds@gmail.com,Abbey,Bolds,2018023380,ba7d6d3999c5267fb695d4c1c0bf161718e27c9a0ddb3f3a8142e324f62184b7
soniaeffler@gmail.com,Sonia,Effler,6787040602,d999b2c7089c00392416bc5ccbfd30d07b268c1ca7861591a1df5adc95cefb21
ritamcclain@gmail.com,Rita,Mcclain,4653073911,55a831e7d9235f9f274413b875317a0127d277a8e0479f606f76c2b2dc9c7745
adelestjean@gmail.com,Adele,Stjean,4533471092,a35d785f6713255b846cb7e7c59c346be8592a189641fae53e132d5b49596846
yasminvento@gmail.com,Yasmin,Vento,9125830641,e798765fcb11dbb867da90755fe7f1face7c98f21c82555778d7265d656230ee
marilaxson@gmail.com,Mari,Laxson,5105228743,3919981d5d7735463912906fc8916372f722607036335199098fb903fc97f721
felishagodoy@gmail.com,Felisha,Godoy,9842943307,ff572df12432e2c415de55cbdc47d778753029bd1af386ceaa11ad4f8ae83d11
isabellepasillas@gmail.com,Isabelle,Pasillas,4599156456,9d50a9b5a18e30ee9257de71c2ec1d5c5ac81a3d5e9ff3f407192b771b5b7d06
charlesgiven@gmail.com,Charles,Given,6492664203,8c177c154f6e07010ab29077a6c2b60d2d60337884a01258e50134830fd11763
adalbertodonald@gmail.com,Adalberto,Donald,3407441304,8f3e8b7e5d9fc7a670d383137a48ab402426678563898196cecc64343b4cc34e
yevettemars@gmail.com,Yevette,Mars,5702818003,4b37cbd53607d26dca0a8bacccb4374715da6d4ccb1d25f8230b9bd788ba79bd
asleyaparicio@gmail.com,Asley,Aparicio,7862914313,6734df084d7083eb95e065c9ced8b30f055658d5e1f83d3c524015dc88a680b6
darenmax@gmail.com,Daren,Max,4917150629,4ffc407718d2b225d29932fd6b4b3456c6cf256167cc0dcaa5914d1c8663ebe7
teenascudder@gmail.com,Teena,Scudder,8187946680,bd793a4166196912d53a32d78619414ce4b2b9d7e2c361673e6081c0b00d9638
claribelbrugh@gmail.com,Claribel,Brugh,6934315632,c9b379e42b6be083008608983f6d3d5c81c5a43e119cd0c3c275b152e3132c7f
alecwheless@gmail.com,Alec,Wheless,9647381681,32bca41576ae0482bdc74a793db135b76f8cfa5f217833ecc6e3b6199bc97c8c
isaacbachman@gmail.com,Isaac,Bachman,6769979018,fca2d8f299c2cf0b97b0827e49bfe45efb3a50f1d143475caf670f89e22d313d
marthalustig@gmail.com,Martha,Lustig,4989067749,c64a3c3f0c52376f3b7132e5bb99bb201d036f3216d2bda2eeea1df03897d1f2
ellistannard@gmail.com,Elli,Stannard,3177347777,abba415ed9d6bdd0732cee738a7d27fe06952cfcff74b0d2892c27fd373f4a54
missysteenberg@gmail.com,Missy,Steenberg,4804721997,0d61a3830edd96bdeca7b551b36d1b8a8484f5202415c3d2f20d50700877ed03
luzgrable@gmail.com,Luz,Grable,3252893674,193d1334311b81121f750f0eac3ddd5fbcbdb073a20da44872d9457c2a2b79f8
judsondudek@gmail.com,Judson,Dudek,8827869092,d0cf1ab322d3a9427730817cd2225b5cfbcedf2703e8e66169a64088930f56d3
maxbento@gmail.com,Max,Bento,4729108868,55555255eb9822bd67fd87306df86ac6cb1a782248cd7a05f4699b9b37240645
huntercoit@gmail.com,Hunter,Coit,8274567214,ca2e62b82053a2c4a14e1c8ca072f83a1e1e25a9dd0533ef44bdd4c3a9d4dd79
savannapohlmann@gmail.com,Savanna,Pohlmann,9249915405,b998b9f57d51125123ca5179437def674ebbb533c4682097400822593e64966b
eulahagbayani@gmail.com,Eulah,Agbayani,8065578114,31d844632e8d2757563979fe847620b4d551fcd2a6b47ff2c6963dd38588c8f3
chelsielichtenberger@gmail.com,Chelsie,Lichtenberger,5376525828,ddf25246c3fc1e92ddabf941feb8b0280ee1c190acbde272ed849f3c963b6f0c
gertruddaley@gmail.com,Gertrud,Daley,2017962262,e539c2c6701e3e07dcb7a1491a0ff770f7d77ab9a78305743fe71d385fa4bdbf
donnwimberley@gmail.com,Donn,Wimberley,2044490745,450072290f47a39a935351daa39d07f8f46824c85c69fc8cb52e68fa913410b7
crissykeyes@gmail.com,Crissy,Keyes,6094736387,e4e22d5fb2e6556275ed269c0a08922045d7344ce58eaa6e85e5de77a9518c1b
maudieedney@gmail.com,Maudie,Edney,9146688570,c05dee9f4c00cc6941228444713bc1178d81ce63599b5a36820c7b302443858c
detrabright@gmail.com,Detra,Bright,5894426158,cf2f2b8d786f4af2afef576bbc4a42d632f3233b9c468c788ea35c6452ac99e8
sungstops@gmail.com,Sung,Stops,7047941877,a73da80222fe2bf1a2153aa799e10de2640ceed7e7a139ef306ee3801ff6afc5
lucilehensler@gmail.com,Lucile,Hensler,8012362945,86553d4fabc6beb48a60548afdfca50e867547f040fb780f1c71fb8fef41b666
chuckcasteel@gmail.com,Chuck,Casteel,7764186550,b92bb282d68566613bda9e588e7d00e6cb2c9e72409f1acdff96971e08837eb3
althadelillo@gmail.com,Altha,Delillo,2713006203,2ec269fd3610c13accc61bf3922335456bad3d6c8a78bc2714476480eabbe335
toshikocockrill@gmail.com,Toshiko,Cockrill,6363255953,be355c4a4cd1bbb685bad3ac389b86fc06cc81f8892e069791ef98867c975f78
aaronbulow@gmail.com,Aaron,Bulow,3923666313,cdf7fb51135f5cb4040d3b85e25621b641b7a3737a73c0266e34f544a4335e5e
ralphsitu@gmail.com,Ralph,Situ,6826511998,d9e1bd3df0b62ae2f4a2142fde11c3c7c1dd885516292758cb34605a4c47abc5
domenicarevard@gmail.com,Domenica,Revard,5742778583,566cdcc7e8cb926b787c7046468f3adc69538cc9913a7f297767f508efb43750
dixiesweeney@gmail.com,Dixie,Sweeney,3648103726,65259763a768900a840ff35d2640f9b0d6a32e40ea2c80d394f2a826dd83ec64
ignaciosnow@gmail.com,Ignacio,Snow,4665900327,eb0535a33cb70a2e06975a0770bb5d9f197e960a9f234bc566a77478499099c3
lilliewrona@gmail.com,Lillie,Wrona,3648544751,83be2a5a06f3b93fb6e212497d462a5125ece56f7eb4afb2b949e60efbc3db60
lisadexter@gmail.com,Lisa,Dexter,6452848819,7567fb998ab0aaf270a5f826ea051e3f33a9881a1b60e676973bb18885bc9955
arlettakepler@gmail.com,Arletta,Kepler,8318835975,59a38a350eedff990d18588b889d43d7d718defaf94d6ee90f3d76e795db6776
kenyettabarrentine@gmail.com,Kenyetta,Barrentine,6823306934,3fb44c5c5a9c96c0a2fa6c6a522a9188340d6df1bc94fd5065356603971fa7da
deliaseabrook@gmail.com,Delia,Seabrook,6486648629,0ca991be5fca77456ae2db254a347308a0b1a3f238e103beea57cc769cac1da5
santoseager@gmail.com,Santos,Eager,3779610147,3c227eca684562435d5d4d1348289094e591ddb82aba4456cc26f4a8f66b6e6a
stephniesoldner@gmail.com,Stephnie,Soldner,4372766263,8bdc4d52e219c505ab0060a3bc8ee3588030e9fc1b6d606acdb6b94305b5046c
noahbaize@gmail.com,Noah,Baize,3438971428,fbb2f9585ea77cecc636098e6c336c174bf3534eab2b769411a77072d811d9a7
christophercano@gmail.com,Christopher,Cano,5045805639,dbb5d3f769519d02cf5e9bd5a9fd3fd9496f40ee3574b7121d260ae7283a123d
karlabarbosa@gmail.com,Karla,Barbosa,7236279735,d1d3a6f45583ea2444346b8ceef19095c977ddb4acb64efec517fc4ffeb7913a
fernandebergfeld@gmail.com,Fernande,Bergfeld,3844904306,78e51ed735b48989d75290da5244328a0b5d3c9ebc7aa9371be060d418639cb5
tamlo@gmail.com,Tam,Lo,6858095588,749bb30789e62b8672310470e0698843bbb834f37e17f431625ff48fd004f20d
karissaemery@gmail.com,Karissa,Emery,3329820706,73bb08b321d606fcbe2ff7a026ffb8de34c875948a972518915fede80a1b18e1
judyprime@gmail.com,Judy,Prime,9484308121,635369fc5ec6babb0e0daa358e64a2485ce47c4aa42a175c71ba09bf4a358cae
berenicegrindstaff@gmail.com,Berenice,Grindstaff,5353565691,3746fe9d1e92261d050b6bc5fa4d654e62f4c0a09eab6417d2f8d9c912e8a191
pegbrenes@gmail.com,Peg,Brenes,8208931213,65af3ea6469614679b583c978c73b013a2c53e6e686343362eac865914c7352c
jessiefralick@gmail.com,Jessie,Fralick,5349740193,e03c84cc21501a625d79dbd86fefc3454dbe6630791068ba6342506c4e5cfa57
reggielightsey@gmail.com,Reggie,Lightsey,9219791621,9e91b1a7a3e877cdd92b8dc7ece427e9929612843b20a337fce5f4de7b712ab8
peggierady@gmail.com,Peggie,Rady,4899207779,ddd465a796f02f9446f4c945995bace05203db76cdddd1fbb94f1024ebedcf11
ivanamarkel@gmail.com,Ivana,Markel,2107744238,cc2394951c640f831a9b90f4d9e2b283cf56c7c521ca0788253bab982743d825
marcelenepinson@gmail.com,Marcelene,Pinson,7213936595,a2ece92079d480e6b508db1038341859785358e4d246dc286173ab5d8ec66586
florenegreenhill@gmail.com,Florene,Greenhill,9565801513,f621158e15d6fdeeb6b8884cc631e01f7656845f4d023c2a742e03ca66b4f3ab
nichollegreene@gmail.com,Nicholle,Greene,8528304831,95bfe6aa83925fdd85cd33f50494ad82f32cc225ae0ea91bd3dd4d6e0f67d33c
lonnamckillip@gmail.com,Lonna,Mckillip,7719778768,a2685d33f4a3a6b2e1f9197a3c7c8aa77311be13775c2214926e86b2d7c56299
eulajenny@gmail.com,Eula,Jenny,4969251413,3e20d1fb321af3f65eaaa113abff2fbe621be6e342408b1e08cfac1afbfe21fe
maurotheis@gmail.com,Mauro,Theis,7707603178,3d9c677f1420b6125f66dd2a3505a35da998f5cf5f35530c0bc392a6eed5d66f
helgamauro@gmail.com,Helga,Mauro,9678726320,e2259a114ced263adb6bf8081e94e8c3c18e7c5e878b78c2a5a9b08b7ea10f0f
allegrahuntsman@gmail.com,Allegra,Huntsman,6097283960,cf1f107e74538e2e926f2ed9427917fc43498e062bb9c6be72a915b9fd628cbb
robbychavera@gmail.com,Robby,Chavera,5422678717,80f49fb0ac5506c14d6d4c982183e8fd6ad6279295829e3337379b7015cdeb7a
teenatwining@gmail.com,Teena,Twining,4538840288,85b51ba222cc5326714360fee0e74df59e0486084b2c23440260e649429c2cb7
solangeflorence@gmail.com,Solange,Florence,9825170103,7f13e1ef2e1d1c2845d63d302bb94ab9c88506d614dea5539d1138de53d73545
eldonjester@gmail.com,Eldon,Jester,4304344594,53dcf2f207e755ebe6284af53f73784b4d2943d6b43554b828fcf404e772d34b
genasoriano@gmail.com,Gena,Soriano,7982700393,852e3369e202cd4922caff9a9192ba559ec5d9cf07a22316d03ba49b3b94adf7
maritacarrington@gmail.com,Marita,Carrington,4366695985,8c4bb053b5e3a8146a620652417cf67621685c7cfa9064766d4db8450d763149
karlynpion@gmail.com,Karlyn,Pion,2568175033,d9c3bf9ffd08ff27494d325c332bca0018ceee918b8d9344e4941786ed1eb8c2
hillarycave@gmail.com,Hillary,Cave,4447749957,6ffb8f34ab88738f22af622f943e846987715cd2e0a35fa0fe157c78de6d0972
lieselottemckechnie@gmail.com,Lieselotte,Mckechnie,6392587642,f0b900ddf3616b16731d6e9623481f0c13e27718387fd2bbfa7724cd97b9311b
missyczerwinski@gmail.com,Missy,Czerwinski,8889870726,414dff7f531682ad0d17ac3d9683255d2abef55ba663384ec8711079e12b3dc5
dustinaumann@gmail.com,Dusti,Naumann,6809682229,ba33eacfd3dbbcd875743a8a74997950066c0b33be8345144e5af108d604612f
rosalvafuhr@gmail.com,Rosalva,Fuhr,3943355783,025eaf6f1414efde3a720f9f59017d0c1b742b46c662de711465df3dc0a18a3a
cammiezamzow@gmail.com,Cammie,Zamzow,8517660314,feeb87bfb032e5df45610c04d691fe8b529f43d2f65dff2d1adf071064184b00
joesphvaltierra@gmail.com,Joesph,Valtierra,5916610780,6c2247cd221a449a6ce677de851f113dc927975dbdb0513b2f705247d8ebc608
ladawnphinney@gmail.com,Ladawn,Phinney,9879086320,ff462400b95928756de8c1625d98780ff0704f76b7f5f8a5dae1574106e94f4d
narcisakrebbs@gmail.com,Narcisa,Krebbs,6346128106,567a56bec92aa6e6cfdd0215ff0e876ca28809380ad2126828605896f667ec4a
ilanasteffan@gmail.com,Ilana,Steffan,8904242552,c545cd6b3859de845a4d8963f68a86278eb369f14aee0c49b619be5e53bfa1d7
lorrettalove@gmail.com,Lorretta,Love,3855937876,a145077eea29d65b5988a1a7d68445189c3a8b79e2bddf8cd18f1ad7703ebf3e
tashinamenefee@gmail.com,Tashina,Menefee,8923798163,8d02e4a8bec951f740517f8bf206c9cda80aef0c77afb6ef781be463f30b2515
elviraguillotte@gmail.com,Elvira,Guillotte,5707790659,de4c9ca930e0d103e12a44d5ad6e4dde50b52099ceb8e84d1d69e9109f2d9cce
loreleisauseda@gmail.com,Lorelei,Sauseda,9882474725,afcd4a2311f6cb968566db0c4212354fb3440e232a7e7c81ce370033691c2cc3
melvinaborden@gmail.com,Melvina,Borden,9588699277,cc9e31bbed84892285a8415c86a23fd4df88a8e322c7d0547079702f10c0a7dd
glennissalzano@gmail.com,Glennis,Salzano,8488591820,5c9a1e17c0487815cb9b2efe7a98346b6a00a4c84051ae879a6f343a5b3c0e45
dulciejohansson@gmail.com,Dulcie,Johansson,9876790340,05b74325e31bd9eb5ba4cebd8dd636325c54406ca8745394686e30b49dbea82a
lucipoisson@gmail.com,Luci,Poisson,8142046378,6ded5d3cd910348f9e1cfefcba283ba0d68d9a865246c21cf50dc558a36957b3
vivianarosner@gmail.com,Viviana,Rosner,9694309519,59855590b68c9d793a4a0abfeb82b1629f719c77cf0ffcf1847fdb70f1118f9b
thomasinechappelle@gmail.com,Thomasine,Chappelle,5778905500,25b61e6c6c0bee3136d3e3d7d8138fbc5c90c19ccae204dde42ed5339d6ec432
simonnapper@gmail.com,Simon,Napper,3116962098,2e1b6c11ad2220be520e31a69a83d63f7b51ff2d06759367fd72695764171be9
kristofercomstock@gmail.com,Kristofer,Comstock,3974520893,9c25671e86df23ef37cc188c7fd30c3388dadf153daf1588107f303a047dfb9f
keniahellickson@gmail.com,Kenia,Hellickson,2427578456,7fc59b3d20372234bbd57bacb4619821d6d82d4757c1091f949803dcfa813bbe
maricatorgersen@gmail.com,Marica,Torgersen,3079935184,b8846603ed96c6c0e6d5e0ce176bf8810b534213cffdb151cd43639aa9de97d6
goldiegrissett@gmail.com,Goldie,Grissett,5449794133,1a32300d1f76eb23d3a193e57a45f40b417bad8f8eb1766cf6b5053c850a1570
gertiecornell@gmail.com,Gertie,Cornell,8115687492,7e5975bd6573b58a6ca1f7cf106203e6d62b4f94adb8c814862ea95976954464
monethenriques@gmail.com,Monet,Henriques,9576527776,28d64aa8d557b419af6f64595e23097d5c6f66dc7b5238cb3433da7b55e49c50
jonieasaro@gmail.com,Jonie,Asaro,5853432920,15f712a3acd36dc83a927968c3db0fb3c69312997ad0949d11bff5f97301ea77
roselineleroux@gmail.com,Roseline,Leroux,8555221896,0aed80b796b59f4d9561f2dd431777dc9b226085bdc25e087f263b1e2207d31b
racquelmcfatridge@gmail.com,Racquel,Mcfatridge,3642706320,92f3e66e0311c81571f99c2d8d8315b0a14176291e464585691e14a4fea4022d
edagathers@gmail.com,Eda,Gathers,4356649680,17f906bdec55675dfc0a1db8140f4355f74e514872623e4640a369e4ff3a3c28
audrymatsuo@gmail.com,Audry,Matsuo,5074601104,52bb3540b08cb11d2e4246f1a7bf74ea68f08f5faa8dee2ad766b8da8137b00b
wanetastefaniak@gmail.com,Waneta,Stefaniak,5792653637,e7f5742dd63e83e8b8e64fec1288de64158647608186201c9160641da62edd8a
bettyannruane@gmail.com,Bettyann,Ruane,2919311115,1a4eac1846f270f44cacca15af2015d41cf9999e16e192e7ce5f99cc8ee9448a
jacalynhevey@gmail.com,Jacalyn,Hevey,3949677554,838659543c9fb7ccb434936ee4f50131855df749116abead26c9ab037ea5f195
siumcnichols@gmail.com,Siu,Mcnichols,8116612803,d4be4745017c95d6eba3c6b312cafe62a51802e0c06e5cc272cbf84afb1eca2a
candipantano@gmail.com,Candi,Pantano,5243966671,fdfcf35121d7c6d8df3bf3fa0903d054f84e54072b0757d82c4114e46e5f31b1
edrisfriddle@gmail.com,Edris,Friddle,2478343277,65dd2380500d7d2171b5df989f4d9d0a9b09ae76b98b00f81b2fa33106cf2d04
ethelenemarine@gmail.com,Ethelene,Marine,8318850650,6a59ac8cb9d1c7ff01250d464beb13a7b50eb1ea47ba97ef2e49a60879f3dc68
astridhilger@gmail.com,Astrid,Hilger,6009336048,df6762d075230070cbbe0b91f17434a7036ecf80c0483eeb93ff34f5157675b2
kendrickfortune@gmail.com,Kendrick,Fortune,9605888173,6e05c18168892975350282f7cb95f2ea608c1dfc1c4cf4690367ef14b5a4297f
shavonglass@gmail.com,Shavon,Glass,6603335275,22f6eca1f969697f0b24e6e850f65fb5068fdf45ad8f114df0f4204c663a9936
monicawadley@gmail.com,Monica,Wadley,9244135101,31a8a527cedcf63ed67b0be450891e27e5fe04ba17a4cee4a34ce831ae1c934b
aleidamosely@gmail.com,Aleida,Mosely,4039521917,104d2e357767a7ada67d116de83d0119a04b92a055d90e9e4f7e2e3da220589c
aidasamora@gmail.com,Aida,Samora,2468628915,6d1737dd75fd44009fc5c3d14f25880bbef1ae446cdf1079e550cdf5210470aa
adellagivan@gmail.com,Adella,Givan,9387565183,dfd108c1cc6a325f1ebf9b5c0db7d73e2d26d41eb10c1f1f6ec2a317d64d0724
cindiepurcell@gmail.com,Cindie,Purcell,3132471826,3c82688afed025515ca4bcd0a9187e0193c34def390c02a954e55739cfbf13e0
nicollecutchin@gmail.com,Nicolle,Cutchin,3793043983,e6e748439e3f6661a9bdefb2a19f795eca5667f45d7ba53b94961955ed30b93f
evelyneouzts@gmail.com,Evelyne,Ouzts,3208254301,3c9303de6b2104971978ecf3d7238de778c258bbdacc4c2f10377dad16285fbe
drucillatezeno@gmail.com,Drucilla,Tezeno,6618762365,453a42fcebde92fd18a84b8ae44e2da4d877531968ea4cee2d28f5d8f0bef94c
oliviabracco@gmail.com,Olivia,Bracco,2189380526,287303fe0fb5ddecdf41218cba7417da2d1cf853aea000303a63617089c7fa11
nenitaqualls@gmail.com,Nenita,Qualls,6242135567,6e47c871efc5763e509baa0896d82cffd5ff5802718d25283db1be5334c598e4
alizaramsay@gmail.com,Aliza,Ramsay,3362255575,643fecc9b8c2d34d8c1dbd689ad69af6b363973437182b9732e693249a6d4575
arlindaprovost@gmail.com,Arlinda,Provost,5488023312,a43e5be9738850506110b5722fce0d20ca6434c21984c64b21e173e54b4cfb87
ferminagero@gmail.com,Fermina,Gero,4536268827,202a16a858e7fb21f6fb29810931562516248af1013f11199ca563a86214d6c9
brentmcmillin@gmail.com,Brent,Mcmillin,2066171954,856e6cdbd9e81396a108b846733a7990ebc6f2565bc47b53d2096df7f00de6b2
gradyrakes@gmail.com,Grady,Rakes,6362100590,7c7a9863df01c24c59a998f6dadf7ffb0b61379b9778b12d5dab86b94d296719
laurendurrah@gmail.com,Lauren,Durrah,3306750477,8915ad9ee1f456db531c78ad10c3098d498290b3e8315ad9550b3fa293331b49
solomonlintner@gmail.com,Solomon,Lintner,9075698246,9d5fbed9888eedf2628996256164f1b2f06abedd3ca9126312b7497e1b6026f8
mohammedbriley@gmail.com,Mohammed,Briley,9432308774,540d3a355c3ae4fa4cb3e0cb47b324e7605c76348ee9d962fb46c2a4ef15bcba
venussilsby@gmail.com,Venus,Silsby,8415304737,f5ac41cc40a9085e3594dd09926edfac245cecf9222eaedbf21a8e533dd4225c
borisruddell@gmail.com,Boris,Ruddell,2532483549,7f613e84d8813a80acd24acfa2b8e6a10c04744d5c1a1e9ecc59227fb8136c76
delorsebroach@gmail.com,Delorse,Broach,8282814765,a466dd8789276f0b48250c40fd40e5da73f70bec32568b47607a3c6e03b6b97a
ebonimallari@gmail.com,Eboni,Mallari,5887222882,934f0b720b7ae8af8f3b25eba8e6e0426ddff17a427793aad607cfe6c1f6f247
sudiecoppinger@gmail.com,Sudie,Coppinger,7116991098,b192595e2bc8fe20b9118e4a53806b3996a1aba5911f566fa5844f70df30cd6c
latiaswanner@gmail.com,Latia,Swanner,5958534491,1c3851a558f8b82701b79d04449dd4da172941c4fee5403036cee0577cf434f5
isiahwarburton@gmail.com,Isiah,Warburton,7815689534,9bea38f15b37f6a3d609734ca08898a3cae096e355e2fcfda7bfd8b4bb2e7e0b
rosendoquattlebaum@gmail.com,Rosendo,Quattlebaum,2305348134,61431e563a4f6a85d2207b44678492bd6ac5a3d88a3b94b0ba310c48e0a85324
lesliebove@gmail.com,Leslie,Bove,2392382799,2a5bbbb1db5c5497a662fb91a770e62299764b3b7970c254be863f59fdc145e6
ralphault@gmail.com,Ralph,Ault,5842845185,1d7ce3ac0136d4eb406a587d186a400991f0567f665480bd2c1626c903830679
rosalbasteinke@gmail.com,Rosalba,Steinke,8543969825,4711e756ee179989859d57d174f5156acb23dd8552b7dced2905db0da77bba96
minnatoupin@gmail.com,Minna,Toupin,5387043243,adc96267fcf6f5196538dfd3fa07bc5ca8d0cf93f4e12fb248054d802d5fbb1b
rociodecuir@gmail.com,Rocio,Decuir,4208784456,f91c62fe2d3e93faffa45443adbeb591d59e7a57c39ad596608ebb759360b8be
mercedesgrisby@gmail.com,Mercedes,Grisby,8404554928,2f00452d7eb0eb9187ace5ab50a3333fa29b44d7af022694cf32befa74f67773
luciennagler@gmail.com,Lucien,Nagler,8482511953,59310d649308879887013e80be9466aa25ae0ace0464b7e8af03edcca6f72d6a
thugoode@gmail.com,Thu,Goode,8868569505,e341e18664a9b03f0edc1f82e6625908e22337a1777308bb5ce5e3f040b1a70c
celinaritz@gmail.com,Celina,Ritz,4569999267,cab975fe03b39f6be92a85693a86e61e686b3d9d851546d457805fa771edb83f
shenitadelaughter@gmail.com,Shenita,Delaughter,3406012242,0abb340d1062abdd926745e6879d4460107105256bab34fb1428ba35e31c0b1f
allineheim@gmail.com,Alline,Heim,8775059146,3d36530920e830af6724110131a7f09d4730a568518897a111cb41d0a9d09b8f
connieholtman@gmail.com,Connie,Holtman,8506271921,65170f1ad7ef5c88329a4a77a2a41e2372b9574d480f2cbfe1550729066f752c
adrienescheetz@gmail.com,Adriene,Scheetz,6656077147,04d538b5029f0f0107d0af12867deda3bc7a07f4de35b206f1d8988c309dda33
rosalbaprall@gmail.com,Rosalba,Prall,9933728824,6663a098cc12715c4cf9b1266afdb4f816bc62b1598c30f2943d56950c342601
catheyrottman@gmail.com,Cathey,Rottman,5463271594,2ac17120cadf4ce20b1e520a46808b73182884b38a2798c25e63e37b94c8ea97
sautekulve@gmail.com,Sau,Tekulve,6678198812,1b63435d60da4b28c07401cabde95f53887ca3d146abe216da3a88ba8ddb13b6
ladonnahunkins@gmail.com,Ladonna,Hunkins,5606666074,5f97bbae9a93916b99b79c614e3249eae645e4337e5b1c6631ecd03a4cab8172
ardislindblom@gmail.com,Ardis,Lindblom,9889020126,860e1d2605d8baf4ac6eb8a8e9c4e972d8cb3a1bc17ab0507b9be9f3d8a484f9
rosemaryplatter@gmail.com,Rosemary,Platter,8322523927,1c689bbb86abf445523df6eec0ba370c3711b92463f52f87d33934de7460e666
assuntadendy@gmail.com,Assunta,Dendy,3146007482,b96e11b762c433bd5af0d347aed61441e5fa11d1a898e2236dab145d1d7e40ac
deanmartins@gmail.com,Dean,Martins,5668955843,529537ca1dacd6c3c260e87256eb8ce69701ca6b8678c0f157c0f8010a1044f4
reneehauptman@gmail.com,Renee,Hauptman,8893423020,c61441e36c57891c67d64882d4c7ade6c7d982ec9be6cd519afb906d5843ec43
owenchatmon@gmail.com,Owen,Chatmon,3399382884,9e91e3807082f1b7dc84be179addd45584690c7154ee9f4c396f7d1946b01698
roselinegibb@gmail.com,Roseline,Gibb,5814425997,2785981c6be559d5836d42c38532c7eb7fdb12da2e41879fd9ca1746abc7c89e
juliafontenot@gmail.com,Julia,Fontenot,5495519732,9efa46d64787020b47e5360e90e0124a95d8e9165b514585664adb48f0445cf6
lakeishakeeling@gmail.com,Lakeisha,Keeling,5906225231,50fc322b67d9aaf6957071dc4e3f8135f939b99c382c6467b72fcb556569400e
jolinemattern@gmail.com,Joline,Mattern,3052696633,a8e94fbbad0f36b0e4e30597517c6e43cf0e6da89e9bdb255e1f621d92e28438
thomasenaschueler@gmail.com,Thomasena,Schueler,2707287683,bb1a441b0b4cd07baf8e74e1af77d7a51330266747cf2101e4d2cc39a3f5e2ed
raquelgleason@gmail.com,Raquel,Gleason,5472833281,a904f51045c54e3e216377a7b8993d86416f4d10fbd2b46fc5c6bee5a0a92f93
saranpickard@gmail.com,Saran,Pickard,6099210035,a7b434cabef143b28324df04a6919df566e274196846a911cb9b5ba30a3eab25
martinplate@gmail.com,Martin,Plate,5649131105,d2a5b329eb181fad5f1b8675632d08308c6e28136e792f32b27f5415044fc3cd
michalbickley@gmail.com,Michal,Bickley,3592592277,f2d186411d73ed05cc5209e87af0e16c04431da67f9fc8e9236ebada0a56338f
dottynickens@gmail.com,Dotty,Nickens,3049314112,3304c34d62b18107cc9c44aa24c4ed5e598d587663dce7e9eca7fc538bfd51fb
waldorhames@gmail.com,Waldo,Rhames,5066938507,902e31dd1bbe3a2e011faab3485ce3b63556775245ada55732ade7ce6328a23d
shaniruf@gmail.com,Shani,Ruf,6004810077,4a72bb757cf524f662d962d22e91f34ee427709da33f182bf8575b7f0902a205
chetcave@gmail.com,Chet,Cave,7038001550,57f54e45725f9aeecf12809900101cdddee6398bd95b1bd37df9945a5c67c678
willisaccardo@gmail.com,Willis,Accardo,2174729599,41a0f833a97f8f0cea78cd854faeb6c7f1e1466cb13ceb0fdcda9d7447ec4d91
sandivillanveva@gmail.com,Sandi,Villanveva,3716079679,dbee006a17c3086c3338f4a80e53e01efffe921bbf50c176055051e5b1d0931b
carlynfasano@gmail.com,Carlyn,Fasano,9213746012,4678c9633cb7012e90170efde77fe78ae1e7924daa1b65bab3b9944b60a81aaf
jacksongrasser@gmail.com,Jackson,Grasser,3497536547,35ede4069770d9b04953fe1ca1697d80f286b6cc4884bf2281217921d5903cb5
cirasereno@gmail.com,Cira,Sereno,9429527263,0866ed59a6eb3b5ad175b82af4cce02eb4e99308dd745571b893b6e6e010f651
rhondabartz@gmail.com,Rhonda,Bartz,2806621003,59886d76cfa584878ef8b5bacf3c56275245bd1941f0f91fc2ce4b2bde697c5f
patmarton@gmail.com,Pat,Marton,6757678065,cea829426f0d725d64144e02bb19dac5daa8a6f796441252f319ecc6b660944d
bellkoester@gmail.com,Bell,Koester,6367041339,eff53030e81b56345a902c68ce38920836cd9f59dcef1732ca3fd35c1e222680
mauritatelfer@gmail.com,Maurita,Telfer,6623126565,3a11cae020c5a90cdd15ba681df9dc0e86dbde00527e3a05055ab2997fed1130
rosaleechampney@gmail.com,Rosalee,Champney,8093011389,b3e14a3beaaa0a35e1a59b310dfb750b0c8d958812af1dd477049ada13d715f6
kalaleavitt@gmail.com,Kala,Leavitt,5753820265,25e7071d60730a4124051e54874ec99bcbdf973ee2a8a76877d77fdbec889188
mitsukobeier@gmail.com,Mitsuko,Beier,2678667467,f1923caa021bdfe18b74793ee167586eeb33b4a3b3053494d1c3659b652a24ba
paolatrew@gmail.com,Paola,Trew,7593011460,ef4998c4f8c8b6df1452f4d8a3530f7f99987aebca2054c1041eb0e03b2626d4
jeramyspurr@gmail.com,Jeramy,Spurr,9854473903,038fee316f55ecdfe1b356c3a4d9e62c6c967504adea278b7558a3324e164b91
arlindacusson@gmail.com,Arlinda,Cusson,8008635331,c18c8c9d03f2541645351dfd0a5b82e71d27b73c29f25270b2f3ae6c06328543
louissandoval@gmail.com,Louis,Sandoval,9658490361,c0be1a1ecbf84c86da7a2543b339a5f57d43a2e1289783b6ee55deed4b983598
amaliazigler@gmail.com,Amalia,Zigler,8632540993,d75d2560143156b55d4728ce715231508a8b5c5e0b0b7b4e7e08bccb95e4a5c7
venniebernal@gmail.com,Vennie,Bernal,9706487148,d3d60ec88457be739a3d4621636a68f3da83b4a8ba6d249be42db925f7b0c701
kerencollingsworth@gmail.com,Keren,Collingsworth,6219055579,a629c9bd62228c76659e8504471e2a8ef20e9dcd081e04d237ad9a87f2b0f02b
abramkulp@gmail.com,Abram,Kulp,9112102921,433e02b76561a67d3b8504933e44879347b44f33a62a82db4147f8fd139e0680
breanapasha@gmail.com,Breana,Pasha,8804638335,cd497e548b01b8f7281fc46caaa78290568884a8a9da8e8a8fcfd29656e1ab5b
tamarbundy@gmail.com,Tamar,Bundy,7539429999,ffd211559e5c259947da075a72e2651ec274a5bb8a9aac22a4bdad423d2ada27
matildalinville@gmail.com,Matilda,Linville,6189990459,883ef548c96d5931f9c9fc47c82ed58da61246a7298fb211e919068952a99c12
sherrileason@gmail.com,Sherril,Eason,8562278891,6abd09fc8ccd6a3a46ffb2b0b9b888a9ad3773134ab3ec7987d792d1e4307ea4
charissamoreton@gmail.com,Charissa,Moreton,2019599985,7506ef45a51c6efb60bedbf785174680ab962a177d61f205c3376c732ec7a9ae
rolandohoehn@gmail.com,Rolando,Hoehn,7119483447,5a963d43d46fdd88ac56cec62f5663333a8590b3dc1b3af73e7a087c0a33ba20
mimistelle@gmail.com,Mimi,Stelle,4894551815,2b00d14106f3d2334b6267a6f528b12a92576f9f45527359c18ac5e7696487df
louannimperato@gmail.com,Louann,Imperato,5563456761,51cb2eabc8a3f0d187ee8892f82b304f0548ea9e13ccbe4deec8473d81b654cd
jackelinehaberle@gmail.com,Jackeline,Haberle,7756533864,e45ee996f22462a130488bb532636fa784e0b6ce73aabbeb01f166dd2018b3bf
josphinechavis@gmail.com,Josphine,Chavis,4443411856,87e7ef5eec1d86cf437bb24258bdbbdc8a73d97212abe06e2b26f0e22c6b3ea0
kenyabenedetti@gmail.com,Kenya,Benedetti,5366332394,5e001a13ce7682b14551daa9486f1a4f8b9908ccf1d3524d9abfbf97e652e714
simonwedel@gmail.com,Simon,Wedel,6612002673,b2cdd78912e58fba2064c79f7ba36d0c203d5bd6424ee609a38649c619dcf08d
kelvinmcnutt@gmail.com,Kelvin,Mcnutt,5125697345,cb902e5df7cdebeea7131e630d5924ad997aca12e8cb2061f5cdb1589c4f12f7
sharonpatten@gmail.com,Sharon,Patten,9797403817,5348a9140d9992dc266f450f01b65974a2fda4b359d082d8fe2d6386408d2fa0
valeriaastle@gmail.com,Valeria,Astle,4642773879,5b906a62fd4e56a0f4d22364716678db874c030bef802cad8fc52d5069e01234
leolaminard@gmail.com,Leola,Minard,4339098408,1680f8a8a25eb86e46ed4058c18a1237de800b55157424bac0cf108f031d08c4
hyunmurton@gmail.com,Hyun,Murton,2182025493,855f3518d84bc1dc6fdae259a9c520f58e69973953b7418f48f3d18a897df0b1
donnypauling@gmail.com,Donny,Pauling,2859012769,952404ab8a16d26e2cd60d39f94e2fcd303ae7cf99ab5acddffe8bfb1f302c2b
goldenbaltimore@gmail.com,Golden,Baltimore,6468213150,456c380b91c35d8ce6518ea281b59a51610b83e0b86006f2d92fb568672f0003
kileykesner@gmail.com,Kiley,Kesner,5817749054,52cb730c4173c9f69308ab0912fc7772781bcbfc38e4cc81d89bd746bbd5117d
kittydiederich@gmail.com,Kitty,Diederich,9585695115,c970d50cfc30a3769a7d45bb3de922e617874ee91e82dc8d2398e7132e546d82
derrickcoby@gmail.com,Derrick,Coby,7105774115,8a3eb6f63320d024ce1100b19326da6a41543f6aa59cb6e1a789e144c4f6e42f
johnniemongold@gmail.com,Johnnie,Mongold,5255886526,511a27ef03fe39d08878c84c724a106ba385c9f4a9a78db9d4300d60411235e9
robbiesquillante@gmail.com,Robbie,Squillante,5364024000,ecbb61b61c0a05dd2e13e3babea39760ae259fae1f07c42a1d05b2c6ffe92bc7
lanitamonk@gmail.com,Lanita,Monk,4958504404,39b8a961441e8bf768e967a45c432ed2f3190c4ac1c4757c7312e9e60001ef1d
talithaedie@gmail.com,Talitha,Edie,3172423218,cd619be86015e33ddcb5a9b1a6a85b929e1dcb4b88aac2e941a81422edac9d2f
aminasaiki@gmail.com,Amina,Saiki,4714284454,35de760be923171c8bb9af4af88561e397854a1acec4e2f8e3da0bca0e195bda
brainwierenga@gmail.com,Brain,Wierenga,9083424728,888cf51ae76bf356180997fe9feb98e46c469b5e1797fac5d7950768729d850e
johnnaklotz@gmail.com,Johnna,Klotz,4938628049,126ff661d0fa0550ba7c58dc43a20fce60d8e04b48b5988a8c2f64bdde0a44b0
kathrinvento@gmail.com,Kathrin,Vento,8726092444,288184f9645adee73408144cd14fd779f71c9aaa0dda0640556b40ac38888058
hiedisauseda@gmail.com,Hiedi,Sauseda,4364856932,fb31fa0e117d0cbf3edc67191400525ad3bec23fc256f37b034ddf67444d3d11
elnalisowski@gmail.com,Elna,Lisowski,9698590548,8505cb3ba2527b59f35178a7791f9705412402efcd711006e1ef27ba5a8d09ad
oraholter@gmail.com,Ora,Holter,7998318303,6f32a0da0af1195e5840bde480f58a3a965916d810446c62e63551d0e0142e5b
royalallard@gmail.com,Royal,Allard,8314723947,1c343c21e63fd86c866b12e6223231b44101742df4a10a8bb5265ee0931387ff
bethaniefriedrichs@gmail.com,Bethanie,Friedrichs,5298038458,ce888d716eb270409e7bf2b640591ca2af8e24b381d8744d6b50482498396339
heidimilot@gmail.com,Heidi,Milot,5343494717,de69236d3727c57b79f8d710ea56704a79035e1bc3853b3e3d00340367595310
leonmcarthur@gmail.com,Leon,Mcarthur,5354895511,e1ad01b036073681a395ae6387a3fb14763e928613fab65a1a49a897fa0dba59
holliperl@gmail.com,Holli,Perl,9876586286,b91e1f8e00c238f13babf33a2eed4698b72293bfdf27cf6262c98f9474a55265
amiedrescher@gmail.com,Amie,Drescher,8899834506,cbe4550ac0f8b17876d1df442c4e63b224835fe31fd1f6510b0edced6cbcf545
lucarwell@gmail.com,Lu,Carwell,7418697552,1c1042463c48460a8c7f385679ce325879d826a15b2b4e9b508a83588829c929
stefaniehellickson@gmail.com,Stefanie,Hellickson,5767482717,84f3600dfcafe55af2bdf4eba62711be3b514ccca142a7047d94539ee5d636f3
celestapurdom@gmail.com,Celesta,Purdom,2895695191,98b1624c3a90dcb01958e9f6e7eea6cd4ad302723568e4c998d0730587acf300
dellhenson@gmail.com,Dell,Henson,5602214232,edc8337e249ee9bcbd5561304532fb12aba8abf156598365ee2f83deeb121ff6
sonkelton@gmail.com,Son,Kelton,4595217640,0a12f9b150a48b5cdd5a8019705993568b896bbe83fba9767a04b85ed03e1101
alanaheroux@gmail.com,Alana,Heroux,4334470317,b4f4514ed150bad63bf13dabaa4c6ae96993761a9a07926b01211eff5e5ad0a8
karleenrolan@gmail.com,Karleen,Rolan,5384732427,6e6108e12c488d4c32b94958eb64eadf593f6fba05bd9978796ed783a5980dce
chunrodger@gmail.com,Chun,Rodger,3069992728,9e20a9d7e9cdc3ac478bdbb407cd1ecd06a5f871a3358cfb8ccf866d0224dade
gemmabozek@gmail.com,Gemma,Bozek,5789689960,288427c34fd3843d0c36527cc1d1e25c32063a51acfb4c61f22a7fc10cb26f95
isrealderby@gmail.com,Isreal,Derby,2346093852,fdbd4276fd1e093c8aeb5a40e70c2e71c0ee9378887a1954747383eeb8113c9f
gregoriofinlay@gmail.com,Gregorio,Finlay,9604815411,b2deeeede6fae64ed8df72c5f8f3c22fc2f94c77ada768a0a49578e748d96125
celestinakoen@gmail.com,Celestina,Koen,5107385899,18a24c3bb55d731f895da19858ab8113229ceae47d11e74af526b19b544e1a86
madalynstrang@gmail.com,Madalyn,Strang,5795827695,b5fa92b171ea50ce225fe8208d2eac139dbf582723c7f6a9be2e27d603288d97
brittlauritsen@gmail.com,Britt,Lauritsen,4847628172,81a78031658fff2b3a1b2e7bc18b3295965166f391d658c0f0442b88b8cbffc7
staciashams@gmail.com,Stacia,Shams,6014063824,fdd8187d5cd7e75bd1eb27b9472b1b955f4cbb53daee320ce48e1f0b51c69349
soniavermillion@gmail.com,Sonia,Vermillion,9285514812,9da5729ff50089edf0ff77b4d023150bfc6bb3c3ede80c51256d3dad6cba8d51
dixieahumada@gmail.com,Dixie,Ahumada,6075826025,bc69a1e6b5e49dcdcb016d9b6673f6de08cb6780cf2b957a330f77698dbe06cc
marjoryruble@gmail.com,Marjory,Ruble,3498918945,cc8befc1e2c492924acf74ff170c8e4704b2d7e30de306cab540577030426d1a
hungyoshida@gmail.com,Hung,Yoshida,5007802974,66ba0865a5ed129e9bf060d32a4cb437a85d6a3bcdfdcc011e5f3d29d2baf3f8
kimberysimental@gmail.com,Kimbery,Simental,4929958940,e9ce6e1ef583964c2260e22316f3b8898b7685b870b2a5ff0a2b2de5949afa1d
moracockrum@gmail.com,Mora,Cockrum,3905769129,dcc7f61efd6b7a363ededb68253c9f2fffe066a9af2bbb93e2600b1cbb7ab913
rhettshadrick@gmail.com,Rhett,Shadrick,5405525219,339bae845728a61ecde69f3e8d9bb19f32911af03254931a65edb2ef4e773808
merlynoatis@gmail.com,Merlyn,Oatis,9615849322,c21e01973547cfc564a64d268f4a11e4de2f9a1ea67c9b98dba609be6b0d017d
zandraortegon@gmail.com,Zandra,Ortegon,6513870446,2d2c89c6f38ca891e6fc98167c7b8a76658f120f3059d8e105346f62f0e005b5
colettelamoreaux@gmail.com,Colette,Lamoreaux,4846621988,fe853a5f1eabb2f766b87d5e15e2b30d803fb1c08b9c347cda3c186be95d9282
adelletrail@gmail.com,Adelle,Trail,9632628793,bfd61c19d69de0d075ef82aa2d7affea3b0e4f0159f8cea6d49c243fcd29f150
kenasundberg@gmail.com,Kena,Sundberg,6377344090,1afde2f7ca515d258fd335396eddaa5964cbd25f551923b75f520ffbe6d6173e
fepinon@gmail.com,Fe,Pinon,8073242382,db0f70eb861bd912bb20c7f7802d3de8b83176bdc46f32b54e124cd7ead13848
yuboelter@gmail.com,Yu,Boelter,3589984976,8af7ae28cc6a98b2ca49322447b2d6c52bb86efddcfc5332264c4a8a6ff2a376
yongwesterman@gmail.com,Yong,Westerman,8958887911,f21016bd9aab2ee30bf4b5e3ac75d5bfd54a9b3b699516a40172853898c4f1e5
carmellacarmen@gmail.com,Carmella,Carmen,7487870571,8317c2177c0d47c019a8c7d0131f74cfad2667a710fb1aa63f0519f0ddda09a3
giginottage@gmail.com,Gigi,Nottage,2332937247,59189cbf3a427ae90212f878bd6a83e5b98a114ed2b792ed016f8dc0be4b9c3f
freemanvaillancourt@gmail.com,Freeman,Vaillancourt,8252873680,487711c91ee2b8b1dad42383ef09a14e674833eaff43ab4a89b0f4180234d08b
yolandopiller@gmail.com,Yolando,Piller,2627266898,c1de14a01fe5f409bef8ea9781887947d14528e35205b48acbf9baf3a3e65328
tammeralewandowski@gmail.com,Tammera,Lewandowski,4928787900,1676d616e0de696478c45a69184e68ee33e56f8be8ac141581d6c9ac9dddbe2d
krystinnord@gmail.com,Krystin,Nord,6934965013,b29ff393f352a0ddaf8a58c27fe1003b02fa5e5f4fa9d3780d60fa8483ae5011
elijahcreekmore@gmail.com,Elijah,Creekmore,7636918363,31911a0b93a9a357bd4546b9c49c0aac29353861ae20efc4f1dfe4d5cac703ae
mirnafamilia@gmail.com,Mirna,Familia,7823794645,18b2d82ee043b5dc6295feb6fbbf1ae210e7e03987ed2052a46c63dab2538942
niaprater@gmail.com,Nia,Prater,6392835530,d44c69e34ae3f45c76d51ab73eb4cf956ea3ede96bc25aae799b83efaa24943c
kennamuncy@gmail.com,Kenna,Muncy,4724006247,5a1fc4dc1097865c2442530387d351e94b69e8ada38f36718b2aa64d5868742a
brigidafritz@gmail.com,Brigida,Fritz,6913440206,399c94ea201466fe1bba9719d99f15f00eeb53d5eac6f641ef6dbde82503618d
maryettaleath@gmail.com,Maryetta,Leath,7112199450,2dc6e16ce46ad5b2d7fcfc28a49566f752ca88a392a9f4c50307cfd80b563b4b
brianarawls@gmail.com,Briana,Rawls,6174492220,67df3ea6dc0cf799ccecc6fbc81a1c523385620883c3764968659b0ead7bf378
alainevierra@gmail.com,Alaine,Vierra,7908345254,3eb068156ade8151f96fef29dfaeed452e11c330ccfeb229fa771dcf7ccf0ae7
romonaeguia@gmail.com,Romona,Eguia,8346149494,b982674d28200b54da67a7143e5a3d0da67ffd05336cea695c8696518d5ed4c0
toricappelli@gmail.com,Tori,Cappelli,2637352446,1f03d01dfcd1fa94fedd2c6c2d5ff178a39df858eb1f162adb868121795d5b26
dwightboydston@gmail.com,Dwight,Boydston,4493272695,4ca69c02fb0dad8c99f55072651ba05902c57c650d1dd4b6fec7a8f164b659b2
victorcrompton@gmail.com,Victor,Crompton,4304710030,bdb25443b257d10c6f6666666958ce5f4be0369a4cbdcebd3c9698e250a7d0ca
jennettesimeon@gmail.com,Jennette,Simeon,8784725222,08fde5ae319179757f44db9d2ef7225d13824d0b3e86913642263ec73e0d321a
beatrizdolloff@gmail.com,Beatriz,Dolloff,4264204005,1fb0222578798e2b5c53484ed0f16625a85e9a3c14df51354eab34cad0070501
julianafolkers@gmail.com,Juliana,Folkers,5106603617,5460c5356212e1c4c7315a50b69a34d441188c2eb7f3ea4dbefa0e652d65a3ff
germainegarfinkel@gmail.com,Germaine,Garfinkel,4435721546,6a0eecf09c644d5d6cb5d3086e6732f3f83c85e05f0db19aa9c5a0ddffbee571
lesleescarborough@gmail.com,Leslee,Scarborough,4346441063,d26e1c05f0895dddb947924631c2abe7aa297265520d81b9769f2be96c40b049
lemuelhaefner@gmail.com,Lemuel,Haefner,2286998088,8b41910d3610ca699b2a1ad1dbb1f91c9b9da2cd57fc709a7445bd3221d7b027
karissapeirce@gmail.com,Karissa,Peirce,2813947494,34896a11a7aba5906999f0fff842e89eaa4977cf4eee97108e116f41dae7bc49
berrymewborn@gmail.com,Berry,Mewborn,9572740202,0e733d3c4aad0a6620ed4805cc6c8e51f8baa3c4b1b1921dbf79bf6fb92cff85
alysebridge@gmail.com,Alyse,Bridge,9305326698,2f87480752ba5e5fdbb96820e17065bdac215213e141b59571ca7f83759a3dd7
ninamillette@gmail.com,Nina,Millette,5945891308,37b8c70faa007feea62a70f7d4904f51fdb953d62ce56b05c101f8ca2c855872
leenadonaldson@gmail.com,Leena,Donaldson,2086165676,a4717a92d054b9e8dc17ee913eb9a02e3856e0df936250c2abfaf385ff97aea9
ardelledenver@gmail.com,Ardelle,Denver,6707150726,ce018cfa982f4eb6ab1376e583f4a9f8602a97450650900dd3a50bfa5f042243
carylonleitch@gmail.com,Carylon,Leitch,3418163789,b9a73ab2238ecdb5e91f2b43e6bbd492149f8a8bfbfc780b7f78925a7dc86393
gaynellemcknight@gmail.com,Gaynelle,Mcknight,7946767127,873a6b254b24274f21508b7156e99694a04e6f74e37eb6652e222b5b83bd8f50
rachalevett@gmail.com,Rachal,Evett,9633814516,a09c9c023e7aec4a97e255fe5b076babbefc0654dfab3fa2c6bd740a418ee628
honeygoines@gmail.com,Honey,Goines,8515507614,3dd5ef8a08cc017489146fac41e40a43f58cf0d0c43924c6b52f142602107cee
garretthelbig@gmail.com,Garrett,Helbig,4822570767,fbca0644cc48215ad7ffb8b6cef880ca9df510adbe5a829fe346371926a151a3
galabillips@gmail.com,Gala,Billips,6455334386,2205cdec82e73dcb3f90620420409fe8af15c2c1222c106edf94d64584cd5480
filomenadymond@gmail.com,Filomena,Dymond,8488545849,e38a0bb20be3146bca0ae2cb5718515a447e80457b512484eb87570eed2ae31b
lashaundapett@gmail.com,Lashaunda,Pett,8682020476,4356390c344e3da399ef77ecd99b659716079131529e6868141aec99d849ad11
gilbertemcfadden@gmail.com,Gilberte,Mcfadden,9744570566,1cfa438532f40c516651cbe4b26a486cf3680d52bcc0855e96883ab93e3c5c15
phebevalasquez@gmail.com,Phebe,Valasquez,6176210855,ac20e4c24cca6e84e49eaeee5c8f7d170cfb7e0cb709b7a2c898e822cf4adbaf
valrieschooler@gmail.com,Valrie,Schooler,8134992482,8b8df707b433657b0ef583637d02f41fb49aba387f7cc58a2ad8f9679a9036bd
koripetrone@gmail.com,Kori,Petrone,6446978349,a696adc5f0fa8b4e1d415856e25d27f0cab19964304ff540223a24164b6f914a
rodgerhousand@gmail.com,Rodger,Housand,9577548969,a9289cfed36fb9cfc9b0c5e3e619cf6c722d45379ca9542285c0320754e34d8f
ruthannetienda@gmail.com,Ruthanne,Tienda,7925941860,7a4ec5c2547b5a266a6fdd6f1bf328445702ba68b6a93c8e2ae70f132fb667fc
melodeedemaio@gmail.com,Melodee,Demaio,7277043279,5d86b65d697cf5a9bd2eae4817a1e8e436c0640536278b09a15a3e5542b7c0d7
kemberlygrimaldi@gmail.com,Kemberly,Grimaldi,4024412004,44e96d9426603ac4f8d5ac19d1a02afc1a8d241694e0ac845dfe09bb4d42e187
geniastalker@gmail.com,Genia,Stalker,5617628122,37e0018e8594ab740ef448a29e9669e97906ce34925e7b2753d6626b1b3b1a95
roycelazo@gmail.com,Royce,Lazo,6123440911,f3d2cd2c2bff833968f64dd1f7b6a40d1d4dba6bd397acf0f3c4720d4030b214
marlonoverturf@gmail.com,Marlon,Overturf,5303537622,d8a3000ea21ecb3c13449ee2e4b8b0f4117e07e390b38f158829175c0a9fdaee
carolyndraper@gmail.com,Carolyn,Draper,5538668312,23798558c001e77c48cbaa5a57e9baeec053c74656985a4765ee8221a07a2ecf
cristinlyden@gmail.com,Cristin,Lyden,5942606035,754e7ef240f428b8853c9e1b2d1f308485adb1be5fe6dfbc57b2dbfe0bd4c89d
kimitrotta@gmail.com,Kimi,Trotta,8116330665,30cecfffd724b91c71a502f6a5e36225ad75e74b21b6ac21335f41d7355f232d
shaneeaston@gmail.com,Shane,Easton,5974383146,a9a94c3eed8db11094d5a007f2519f538e5c23593a3cd078c6c6a4e79b7238fe
meivallery@gmail.com,Mei,Vallery,5303641659,ab5224c6a85d21715ea5580dcb8f0da0344623f692f19299e75b4fb383df7850
anjawyatt@gmail.com,Anja,Wyatt,4609812896,e4821f4b9a1cf523744967b13643af2e26f8086e0ef8d99af76bf2b656c64548
carminehollar@gmail.com,Carmine,Hollar,4137475844,33418a5c1f5161f1f7ad4da8209a09cf095c232d2893907599666d39cbaf7f8b
eloisevasko@gmail.com,Eloise,Vasko,6757408302,bb309050d1cb4cfb57d219748c1eeb367f1179bc91bc7c6ccaf430a6fd806bb9
brandiebergeson@gmail.com,Brandie,Bergeson,4769111957,b669d3a9b8f03a056932a312127726119467509dea36f727f94280c85ab09ad7
hannamccurley@gmail.com,Hanna,Mccurley,8896676348,9fbb0c2f98e01497c00110a11cfa339b99a5342985770cd72bddb98c215b8413
darylroussel@gmail.com,Daryl,Roussel,8224822413,2223d3b251fa603c6d8e73b20dab2a286b9177abda095e86f446ac8dc8a20acc
brittscheidler@gmail.com,Britt,Scheidler,2172607470,7efd1767bce7fec632fc5ec999b6869d076e87d7432fec51f43b69e21401295c
lucianatwyman@gmail.com,Luciana,Twyman,6156681143,e1edf3d267f639d7aa8824a9016d571e16d2f0db346299150e564d0ed953374e
carinaliebel@gmail.com,Carina,Liebel,2296467633,6eeb5000dbc97983c9773caa6f4a6fe571c758f63d2fcf8daf8df3407c896190
ermelindapolinsky@gmail.com,Ermelinda,Polinsky,7922952824,d592086a2540fa9323d0182089be89c6965ec5788028fddf4d6eafd0c6984446
porterbiddy@gmail.com,Porter,Biddy,5445760619,39bedba7959ac505f08185b1f457bd6e4f92b06060200d4dc04c0468a99dfda2
marielaarmstrong@gmail.com,Mariela,Armstrong,7343028554,e953646efbc9ea79639f3a5d63793f159b383fbedc07b07ae59fbba2fead1192
antoinegieseke@gmail.com,Antoine,Gieseke,7147919626,8a04bbda3a498bbff7f0b423b3a185689b1559c51c95aac59aa004cad694df2f
florineguerra@gmail.com,Florine,Guerra,2065012675,656af11cd6a74d1ba3705fd530ed85d7630d83f1a9d6568e4d23919d4f6b2154
renettaseldon@gmail.com,Renetta,Seldon,9024589578,fabf9de5ce40084b9ed88814d955596ff63e2c7b3513ebaed79d938754840964
zoraidachadwell@gmail.com,Zoraida,Chadwell,6249357793,a9a7d24770873ec3ccc7ddea0611459711e56470664139fa3e1a64512d88a14d
deltalathan@gmail.com,Delta,Lathan,6244068834,14ae6f9ac0dc7ae9ad2d7e8b04f91777450fbbc5bc40a5287b01313ec52cb078
shainarobison@gmail.com,Shaina,Robison,5065479840,c125c8fc09f3ed07a3c432dfb9543cb014c58e1d05461bd0c350ba228a6ddec6
latonyagularte@gmail.com,Latonya,Gularte,5284307137,2e2ec45d8e461632435170f1becc5828d41e1011e0de97466c1879fbc0ddffaa
nedrapiercy@gmail.com,Nedra,Piercy,7515902271,3886a258ae603ae3daf7832c69321c8f5d37275306ceef54b01c309943f33cef
floydhartline@gmail.com,Floyd,Hartline,2625538747,0b867ae8a2f548c44887d2219bdbfd1e80bd69fca0570a0d0090a94233e458c1
shondahein@gmail.com,Shonda,Hein,8154126825,185db685702f517ba0d4d01befabcf14d04ca51d0cbdd256bff9f880ba6d3960
luisaschober@gmail.com,Luisa,Schober,5356193277,cf48f0f09fa69377be42ddd3ad544f44aa2a8397224ee3fcec4c4666bedd65b1
latashadressler@gmail.com,Latasha,Dressler,2208876374,2e26a4c7580505d4fe1a407639c6febd5a67a33ac99ba62fc3fbb79b5a630939
arleenjo@gmail.com,Arleen,Jo,7198593924,b0b4559ca8e13e05db079b603b69817a8e3a3a6f85a75508de07d3ecb83d00a5
sammiemao@gmail.com,Sammie,Mao,4448766580,e9ff6c9f978becf1a677ccc4eae2504f0c87233f5b10830f8d8911688259fc97
julenehighfill@gmail.com,Julene,Highfill,8177812270,b69f41610e9e2fbd8ea48ddd136959bf917ee6dadb19148af7a9fc6a4063cb57
porfiriojanzen@gmail.com,Porfirio,Janzen,9174457539,5db0a5094cd3f59e02208a1f1209df0f5a2f0785382587d1499c34edaeeef95f
wilmaartz@gmail.com,Wilma,Artz,6073149700,431836f7ee529d229a85dd4156e111936d118a6f290a48ce1c2f643cf8d83f6c
gradykenan@gmail.com,Grady,Kenan,8684271201,0502c555d81c14615c04dbf3f3c016c0cec29e2331262392ade20d05bbefca85
ramonitamarmo@gmail.com,Ramonita,Marmo,3307554062,cf3e7aa59542afaa5eb9d2e247686d0b292bebe182bb7fb677a1f469c230c52b
freedagettings@gmail.com,Freeda,Gettings,4765911501,bd6c11fdeab6266604b9719f2b07122aecfc11f320f3b8d759149898a99bcb40
allankeleher@gmail.com,Allan,Keleher,4085486865,c10f68811017c7c922836c65f743e568ce8a55226639b689c1a32d3106e7e5dd
lonankney@gmail.com,Lon,Ankney,2119688889,34114d89fbe716bfd68598ac38dded42049633c238824f3f3c7dc64f07b68106
alexandriacuyler@gmail.com,Alexandria,Cuyler,7844524750,b76f7a0ccc25419f90ad8679e797debe4e22f4fa3603b7c9cf7a47f66f041255
roryberner@gmail.com,Rory,Berner,8488276322,0f6f9498bedf1c7682c421232de7db4397cbd9e0af3dbb231faccc9a0ded92f9
blythesantacruz@gmail.com,Blythe,Santacruz,2613084416,eae16514e0bf7eabbdcd0b2fd8c1d14fa151a8af2f184b27655ab7db857b4a47
madresser@gmail.com,Ma,Dresser,6227538846,0a87e60af5bf09b0a4a5ced6590bd1ea86ddfe79d8a160b1bc634fb8b5964d5e
lanerachal@gmail.com,Lane,Rachal,6139132301,aa9dce4f00f972864f63df4be6123da72778c31e9be70a68facaffa4acbd4f7d
berenicefarnum@gmail.com,Berenice,Farnum,9652933830,5444d60f5515e2e63efa6da227d1a3c641dff6a4631a05b529ecd0cf0f767035
antoineharpin@gmail.com,Antoine,Harpin,4538329380,1e3d2f421fee1b475b62d57917b97bd61b6fe64f4e539b46cf8f5fbf6c3c743b
renitaohman@gmail.com,Renita,Ohman,9406160248,ee89bc8341a4c3eaf0f864059ed29ddc3055b0304c6fa5f3f8d41239b34fe871
ezequieltarbell@gmail.com,Ezequiel,Tarbell,2614467490,2e29a791ba4b1fe84faa2f66cb71a93d11c7879e69fd4a6420dc229750754894
sharicecail@gmail.com,Sharice,Cail,3467067712,dd971ae3c6b47d256d7aac0ab8799e7aef4fb2f594e3e6f22d9662eac0f3ca98
joeldietz@gmail.com,Joel,Dietz,8778046890,cf7837be12bf626e03832a5e3e22fb1f542931b1191d33f32d62c0224717e95d
mingcermak@gmail.com,Ming,Cermak,5188397167,53d3992ab14e9ac3cb5bed05770e8a11f5314e67972c12b112e33c7da3cdf4da
bertaamsler@gmail.com,Berta,Amsler,6354249891,43a62dd6d19983c95781e779b160d1dcc6f2c4376c8eb333ade6e294bfe769c1
sonatooley@gmail.com,Sona,Tooley,4317963378,14b45a7db9b01aed05d155534e5893b333518bd38d5213386bae5d477ff17fa5
rosiemead@gmail.com,Rosie,Mead,9916377664,e50545dc3c72befbc23f4a4c96653cd19cce131857fb346a9ad56a0692704f8c
tomikocardella@gmail.com,Tomiko,Cardella,3122484053,e18f25cb6251b9895747d4cb8a9675ce94c34205c6544ed17598817bb724635c
stantonskiles@gmail.com,Stanton,Skiles,9592944971,1d9346ff5d8131481a41420171f1ff676f48b3cc3da82132b3c44e4d6353c75d
joettepedroza@gmail.com,Joette,Pedroza,5905901310,329e2aa78045b1a39bf97d255bb7baf047579bad14932bf2aee5927154be0f0f
yanauman@gmail.com,Yan,Auman,6955993075,6c6019afebbfd52ada551bea8c84420f3aebf050c8e91ec28209eea55b885da0
mayajaquez@gmail.com,Maya,Jaquez,5067885579,fd1234f0551daf64c0f1d1a01dad34c0c43769b2c8cda40b90f177081004c71e
kalynrumery@gmail.com,Kalyn,Rumery,4465668045,b4f02e55114a05a09dcbb759d5163ea162a68a921541ea6660ccbaa3048a1f4c
carincaudell@gmail.com,Carin,Caudell,2972023238,da49fc08d1641b4b49a6276c5fbb62e5d1382cabd1d2eb90f02ab017dd01c6e2
wesleysteffensmeier@gmail.com,Wesley,Steffensmeier,8767596329,5bec65d9cdcd90949791025b599dbadf766e5d6ccab4433c60f9c68044fcabbc
everetthopwood@gmail.com,Everett,Hopwood,4297005539,17b5ac75b7de639eeb95cff8194ab29e095f6a7e70716bddc7387532a1e76871
cammiecalvi@gmail.com,Cammie,Calvi,7579239568,575b8bf4e0c81a72f9aab69ea5c55a01bbb3fad8f32af59e436654de55e47794
sterlingseibel@gmail.com,Sterling,Seibel,9048053649,1e041d18cd97d7afda281807b22a15ee2e67d0d35dfab7ae6087718d748d3eb9
slyviamulkey@gmail.com,Slyvia,Mulkey,7597618260,156200d0182da2ad0f5b3064e44924abb40b3d6ae866085650a78fb465c46140
nickybanas@gmail.com,Nicky,Banas,8594279791,0fcca106ed09651fa98ac12387b0b2ced7d82e35cda0505f1d20a0594b8faea8
trudiwhitehouse@gmail.com,Trudi,Whitehouse,3937175960,9a80c066adf3f80ab9ad8beab904ec1b44da97e1e1f5410b38795f7acf0be1f4
vicenteslovinsky@gmail.com,Vicente,Slovinsky,6647890572,7c6ab44c99634232ec158eab0595fa1eaa0aeb11db62f17b301b8d8c69d1bb9a
christophersocia@gmail.com,Christopher,Socia,7103741970,cdabb7e73430f76168161b8d6751ce0fe84bbbe2527d57a813d3b842cc288cd4
mainau@gmail.com,Mai,Nau,5812505123,776b1cacde7c367b10b9ebc95da9000eae382e092e3c5c1318e2c88437ac4e09
jenellekuehner@gmail.com,Jenelle,Kuehner,8935502905,42d0ba016beb0600c265b57ff112df87483274664641b5e21c6a3ef8154fab40
rayfordloberg@gmail.com,Rayford,Loberg,9117407770,6dbca143dbca10966bbd08604a893f3090f41c26308e053de3f85b0528218bc7
ermaharries@gmail.com,Erma,Harries,3473898410,03838120c078ddc8758ed03344d380a2d45327490e95432b3f5c20b007caf37a
mikelyutzy@gmail.com,Mikel,Yutzy,7429558071,5efabefa0b9d161bd3a1526c77665a4f2c25a139f0a56ccdf87e2453ee0ed965
joellagipson@gmail.com,Joella,Gipson,7242061890,17faf28182a8e6410b9f6e92f6765443e686cfaede9de824647e426f13d8cb97
novablum@gmail.com,Nova,Blum,7622423896,1b9f3c0d08fb8db0bccdb33da89e35eb9bfb8745f593cfc0d9c88113f43f9929
lavernacuriel@gmail.com,Laverna,Curiel,9432485325,7366db4fe855e345fdd1cb853db695d414222cc3524f392d39ef90f5a9a57c72
janellevahle@gmail.com,Janelle,Vahle,8368976946,8e5f557d60a1c07d16f8036aac9b4752c7f682bdb72728018f601d209fd83264
hannahrumsey@gmail.com,Hannah,Rumsey,7836423744,065a9a88ac34a48d5b3c88f1d76b1b75bf8024697058a994b04072fc1527c25c
lidavandorn@gmail.com,Lida,Vandorn,6528876135,8eb7d262b8e1af25ecd96edae3c3c34e89c8792126899363f350d312d13d6574
emeraldlamprecht@gmail.com,Emerald,Lamprecht,7572037848,9929668b15a6870dfcffc5dfb012c65d65972536b72d22d1806019aec38a7dbf
kelsielangton@gmail.com,Kelsie,Langton,4987993699,1d7e8077badfb114f6af874b09d8bf5d9a9eb04cf5da61ff9c093407c2d30b75
sunghumes@gmail.com,Sung,Humes,2796454891,3d42837b85e16deb6d6cccbcad5aa0b04b108a5e6d1f2165447b0ffccd4344b7
lorenzomcquade@gmail.com,Lorenzo,Mcquade,4822001768,c6169faf505f7fdebbb36d2e98e6a2c578cb866f9d9ee2899d8e5ebd781b7afb
montefairall@gmail.com,Monte,Fairall,3626322855,227732f8e78bf4addcd2d2215c47575e7b1e3186b9202efda5d17b1da592d64f
mervingreenfield@gmail.com,Mervin,Greenfield,2074848633,176682bab9c3f3a1be390f9eb5579ad82e9f7531be0cecf0f7847ba109971051
salinawilner@gmail.com,Salina,Wilner,2528755499,ad692af5e6dfa885ecffd138bfb2b2a42490ce99204b266ff863311d2a45b76b
birdiesowa@gmail.com,Birdie,Sowa,3776792138,4af25477002aae3ae0d2cdb82d8ecdb757f48aa1df4de222256d2b0b52a01ed0
brittenyarchuleta@gmail.com,Britteny,Archuleta,2768591935,dacfb3572dff80e95066c5763f392c7489c4988194ce2045d61a42408156fc21
natishalatour@gmail.com,Natisha,Latour,8106110885,ec128057be4544acb10360126824c2973360583306bcabbc829c52248aff7a5b
ardathord@gmail.com,Ardath,Ord,6518340669,526089a4e2baf85e0bd94a6eca91d9b8920a1bb07b980dd2351b146d21365ae5
ermelindaturner@gmail.com,Ermelinda,Turner,9815835852,f6cfea980c028117bb65f292dd4c362575f34d80cbeb11068e494f1900d55316
yoshiebazemore@gmail.com,Yoshie,Bazemore,6976371407,64815877e096ad12435c25162f8e5f77b77ed513ac453ccbc3484d1dcffd5a65
tommiecrissman@gmail.com,Tommie,Crissman,8213012317,973221f6b703f6aa7e9b7171c3c3628a022e2f96068843be3f42c3bcc9bf7b2f
darakyles@gmail.com,Dara,Kyles,4169505021,727f3324332f69bcf92637b1f20f537d807080414aa8a56daf8b3ea5aabec572
pollydangerfield@gmail.com,Polly,Dangerfield,2382926953,0abb6cd88761dd40c3cd93a2d20b965237e1ffa8135ef3f2b8f01456736fefcb
randalleich@gmail.com,Randall,Eich,5576823975,9a82d10318f04a044cae68dad82f7c84cf50c64f5deff0f02ad8ca3daddc370b
tamatruss@gmail.com,Tama,Truss,9723401147,cf80ee8aec098a83e03a85bf84606bd6fc05e88b60761c0dee31c1cc5cdc43dd
josettebartmess@gmail.com,Josette,Bartmess,5963136564,db0bac059763c6faf75546397a536e6d6a4973323ebe2b17d874c894f96a01f0
taishafillion@gmail.com,Taisha,Fillion,7384041039,747eb128210fd313f20a66026613b896f4c7ce57d1cee4d05eab5905a2a24f08
sherisetenny@gmail.com,Sherise,Tenny,6614609763,a0acd2ac92007ec5077b878440d77adb114508371c0330814097891aad5c46b7
destinykeating@gmail.com,Destiny,Keating,5544619306,38b853d3bbedfd668be25d3a997fa21953c467f2af23c11c26925b943267d6df
claytonlehrman@gmail.com,Clayton,Lehrman,4649871947,805d79905cf9e47fba032151abb11fa732190498cb0baf72a65d5da45250d844
jewellsanks@gmail.com,Jewell,Sanks,9789071743,d9833bb61f2e5221d8942058511ec07c96af9bd079b229d05755dd20fdfbac22
roslynlaverriere@gmail.com,Roslyn,Laverriere,7605314009,9f6001cca802d66cabc3933aa4798d9299cf487a5cc1315a30f08540466802c3
martinsok@gmail.com,Martin,Sok,2419132323,fdb3ac8b84d40571e5818427b635ba5ed06a4dbddb3dbba03ebef798c11907fe
felipecullens@gmail.com,Felipe,Cullens,3025990988,18531237a61d750737ba2489228a7e5ec807f52ea7537b40fc1c8a4a0eb3ca59
sabinaround@gmail.com,Sabina,Round,6874246285,3ab3cb5e0d65c58b7e7f2caf1ac8309e3663df8fd9b876ed4a19e0490eb762ed
kathlyncurro@gmail.com,Kathlyn,Curro,7624513001,4a8e419123c9658e4371add5643269f7fe6501239ca72939c696f70dcd6ae5ea
raleighglorioso@gmail.com,Raleigh,Glorioso,5859716431,4d37b07ed2dfac6cbd4311409cd2b9f0180343da4e0acac48da8644fa270b032
celenarosel@gmail.com,Celena,Rosel,2569662324,9e7eeec10e0040f4046d1e69a877e40272a8582520d2f8f223aa923c78c070c8
annicetrail@gmail.com,Annice,Trail,4628927184,b187b1ae4841c6e99e6d071f3faf09a9d532e90877abd86f1be2bb686e7de536
justaseaton@gmail.com,Justa,Seaton,9307319087,b7ed8c5b9860451aa80ddd84233303410dc0a6e92426b9e79a7276057cc6c188
venafulk@gmail.com,Vena,Fulk,8473303674,3c08658166d51f413df61890073b2917ff9bc24bc7313fc77bfc04ab5231e9bc
dionneberthold@gmail.com,Dionne,Berthold,8852195495,29f2cf2e821c8f1b778dae289357900fdc1048918b7f8130e95168dd81e1846b
florhennen@gmail.com,Flor,Hennen,8739431985,e43ebb37b75feefec2fbdd294c1c20a284215c5d34f88114ea3c20dab7bfbbd3
ezekielgermann@gmail.com,Ezekiel,Germann,4345082499,ec8adc6aa4b81f973a374c1d69b0020775e5a70e93f1facb262722f82d3a04eb
geraldgoettl@gmail.com,Gerald,Goettl,7568930878,8cc1d82d0dda00f94a51ae174867a5737501bf1af9d69b9fa91aa29a5d91989b
vicentebreuer@gmail.com,Vicente,Breuer,7178904902,196a3184a1fc0729d2c54a2cfcad230722061a7c5bab5b9f1e31c1ecb604b3ee
shuranson@gmail.com,Shu,Ranson,5799780050,40fc9d3d3b6504fe62af8b88b2e90dc444627589de57c26491664d17593891da
robenapocock@gmail.com,Robena,Pocock,5249397157,2d6adafe1cc39074a9655405e7ecd4004d54e35f9ef27ff0f188959addabf415
yvonegasaway@gmail.com,Yvone,Gasaway,5539888615,88a86004d72daa803c726d1c202cfcc1af5c15e5801420d96e9692284a4b6a57
harriettebonham@gmail.com,Harriette,Bonham,7484253074,6ae28b62f757b7879b3123e11f1f3dceb0f96cb31b682b4f6103baa1a47275a7
evalynsansone@gmail.com,Evalyn,Sansone,4367116301,6d632dc002f7327916426d1307b0e3777948bb7c32626431bbca1257c4713566
sharroncondrey@gmail.com,Sharron,Condrey,9292419284,dc2f010d4cce536aed7e27e84382288fdff5cbb5a48b1a004a08262a6c274a3d
stefanygeier@gmail.com,Stefany,Geier,8706075482,a0affeffc3530de593c7a71c8c3c6d24951a82c63cfaf08051b2f0d227abf547
darcieheimbach@gmail.com,Darcie,Heimbach,6856365262,ad54c36fb13858fbbab2771dad6ed2a1f4f6e095d04326eb2eace0fd0cf37a6d
teripeak@gmail.com,Teri,Peak,4347215978,b09512a4249bdb9280f6f870be45c952c2d72bc99edf015af3337fbfd8b6bb0d
moriahruffner@gmail.com,Moriah,Ruffner,5098298882,66f3959bf1b1973e38fb4ae28012233ea15218bf1495b537268cb58096d5fb5d
starlamarchant@gmail.com,Starla,Marchant,4465673770,8bd0cfa2118df5faac7e92aaa6388a27fb8e5b27fd79d9ed08d4a10f68d034f0
donnhight@gmail.com,Donn,Hight,8086835276,4a72cd5c96fb11034a02f211af28f82a42e43f4aff61707ad70bd0ba238f4135
roryrothenberger@gmail.com,Rory,Rothenberger,8918069623,e194e93914b8fb02dda979016a08c767c4bb6e90a68ad274a39e5e0b91b38f98
daniloparham@gmail.com,Danilo,Parham,5973572258,942e92bd746e90891307da4991ffe9c534eb9505d6af26b4f052ddd4b72c70e9
ramiroalves@gmail.com,Ramiro,Alves,4618093921,d1a153a76db84077778ae7bdb51c6783259a6b48fc99391efaf73c3d7ce84f8b
eltonspiers@gmail.com,Elton,Spiers,3327188768,350edb035aef8cba0d969c1f12aad27a92535d233e95aca534d39a3629da55df
deliciapaulding@gmail.com,Delicia,Paulding,9172107308,f73b370a0b97978abebba689088569819e61643f2c77736708e288669e3dc3c6
jeneegales@gmail.com,Jenee,Gales,6835439836,fa0c8b4bb3e5bf8689b9365605839f1823df899da2ff98d4216da42012f2983a
davinatrevathan@gmail.com,Davina,Trevathan,5748671830,dcfec2aa788935d3d3fd7b95386c1fd819c8ab8fcfb3104bf9fb85da000c1171
